Time_Taken	
27.869525	
15.0376	
11.3236	
9.0896	
9.018475	
9.008275	