Time_Taken	
28.304125	
15.03845	
11.1879	
8.9199	
8.92005	
8.921375	