Time_Taken	
28.13075	
15.5612	
11.372025	
9.113675	
9.1085	
9.108925	